Дата;Время;Верхнее;Нижнее;Пульс;Рука;Положение;Аритмия;Метки;Симптомы;Заметка
27.04.2026;17:22;135;70;81;левая;сидя;;;;из тетради
27.04.2026;17:27;128;64;72;левая;сидя;;;;из тетради
28.04.2026;16:48;121;61;69;левая;сидя;;;;из тетради
28.04.2026;16:53;118;60;64;левая;сидя;;;;из тетради
28.04.2026;16:56;114;56;63;левая;сидя;;;;из тетради
28.04.2026;17:01;124;74;68;правая;сидя;;;;из тетради
28.04.2026;17:06;125;71;65;правая;сидя;;;;из тетради
28.04.2026;17:11;115;65;64;правая;сидя;;;;из тетради
28.04.2026;19:24;107;58;68;левая;сидя;;;;из тетради
28.04.2026;19:28;114;56;65;левая;сидя;;;;из тетради
28.04.2026;20:01;105;51;65;левая;сидя;;;;из тетради
28.04.2026;20:07;111;52;62;правая;сидя;;;;из тетради
28.04.2026;20:19;110;56;62;правая;сидя;;;;из тетради
28.04.2026;20:28;110;57;61;правая;сидя;;;;из тетради
29.04.2026;10:14;142;67;61;левая;сидя;;;;из тетради
29.04.2026;10:19;138;76;61;левая;сидя;;;;из тетради
29.04.2026;10:23;133;74;60;левая;сидя;;;;из тетради
29.04.2026;10:28;137;78;60;правая;сидя;;;;из тетради
29.04.2026;10:33;136;82;62;правая;сидя;;;;из тетради
29.04.2026;10:38;143;79;61;правая;сидя;;;;из тетради
29.04.2026;19:25;125;57;70;левая;сидя;;;;из тетради
29.04.2026;19:30;115;51;67;левая;сидя;;;;из тетради
29.04.2026;19:35;114;51;64;левая;сидя;;;;из тетради
29.04.2026;19:39;125;65;71;правая;сидя;;;;из тетради
29.04.2026;19:44;127;61;66;правая;сидя;;;;из тетради
29.04.2026;19:49;128;61;64;правая;сидя;;;;из тетради
30.04.2026;07:52;129;70;66;левая;сидя;;;;из тетради
30.04.2026;07:58;140;81;63;правая;сидя;;;;из тетради
30.04.2026;16:24;134;67;76;левая;сидя;;;;из тетради
30.04.2026;16:29;137;78;74;правая;сидя;;;;из тетради
30.04.2026;19:20;123;64;72;левая;сидя;;;;из тетради
30.04.2026;19:25;139;75;71;правая;сидя;;;;из тетради
01.05.2026;08:07;146;74;73;левая;сидя;;;;из тетради
01.05.2026;08:12;153;83;68;правая;сидя;;;;из тетради
01.05.2026;16:08;137;63;67;левая;сидя;;;;из тетради
01.05.2026;16:11;142;81;71;правая;сидя;;;;из тетради
16.06.2026;19:25;123;63;66;левая;сидя;;;;из тетради
16.06.2026;19:30;118;62;65;левая;сидя;;;;из тетради
16.06.2026;19:35;114;60;64;левая;сидя;;;;из тетради
16.06.2026;19:39;121;70;65;правая;сидя;;;;из тетради
16.06.2026;19:43;123;73;65;правая;сидя;;;;из тетради
16.06.2026;19:48;119;67;66;правая;сидя;;;;из тетради
17.06.2026;07:28;158;80;63;левая;сидя;;;;из тетради
17.06.2026;07:32;144;72;57;левая;сидя;;;;из тетради
17.06.2026;07:37;160;80;62;левая;сидя;;;;из тетради
17.06.2026;07:41;165;88;63;правая;сидя;;;;из тетради
17.06.2026;07:45;158;88;63;правая;сидя;;;;из тетради
17.06.2026;07:49;166;97;67;правая;сидя;;;;из тетради
17.06.2026;16:50;112;61;69;левая;сидя;;;;из тетради
17.06.2026;16:54;109;59;64;левая;сидя;;;;из тетради
17.06.2026;17:04;109;59;62;левая;сидя;;;;из тетради
17.06.2026;17:07;129;63;66;правая;сидя;;;;из тетради
17.06.2026;17:11;123;60;65;правая;сидя;;;;из тетради
17.06.2026;17:15;120;68;67;правая;сидя;;;;из тетради
17.06.2026;19:54;114;57;68;левая;сидя;;;;из тетради
17.06.2026;20:00;113;56;63;левая;сидя;;;;из тетради
17.06.2026;20:05;107;52;62;левая;сидя;;;;из тетради
17.06.2026;20:09;116;64;63;правая;сидя;;;;из тетради
17.06.2026;20:15;115;65;64;правая;сидя;;;;из тетради
17.06.2026;20:20;107;62;61;правая;сидя;;;;из тетради
18.06.2026;07:23;138;74;61;левая;сидя;;;;из тетради
18.06.2026;07:28;127;69;58;левая;сидя;;;;из тетради
18.06.2026;07:32;133;72;61;левая;сидя;;;;из тетради
18.06.2026;07:39;150;84;61;правая;сидя;;;;из тетради
18.06.2026;07:44;132;82;59;правая;сидя;;;;из тетради
18.06.2026;07:49;135;79;58;правая;сидя;;;;из тетради
18.06.2026;16:20;119;58;65;левая;сидя;;;;из тетради
18.06.2026;16:25;116;65;63;левая;сидя;;;;из тетради
18.06.2026;16:29;114;64;60;левая;сидя;;;;из тетради
18.06.2026;16:33;121;63;45;правая;сидя;;;;из тетради
18.06.2026;16:37;126;75;63;правая;сидя;;;;из тетради
18.06.2026;16:42;117;68;61;правая;сидя;;;;из тетради
18.06.2026;20:06;103;53;65;левая;сидя;;;;из тетради
18.06.2026;20:12;112;57;64;левая;сидя;;;;из тетради
18.06.2026;20:16;114;55;61;левая;сидя;;;;из тетради
18.06.2026;20:20;120;64;66;правая;сидя;;;;из тетради
18.06.2026;20:24;113;64;62;правая;сидя;;;;из тетради
18.06.2026;20:29;115;61;61;правая;сидя;;;;из тетради
19.06.2026;16:14;107;59;66;левая;сидя;;;;из тетради
19.06.2026;16:18;114;56;60;левая;сидя;;;;из тетради
19.06.2026;16:22;111;60;60;левая;сидя;;;;из тетради
19.06.2026;16:26;129;74;63;правая;сидя;;;;из тетради
19.06.2026;16:30;119;61;47;правая;сидя;;;;из тетради
19.06.2026;16:35;114;63;58;правая;сидя;;;;из тетради
20.06.2026;07:11;152;80;62;левая;сидя;;;;из тетради
20.06.2026;07:15;150;81;61;левая;сидя;;;;из тетради
20.06.2026;07:19;135;81;61;левая;сидя;;;;из тетради
20.06.2026;07:27;150;89;62;правая;сидя;;;;из тетради
20.06.2026;07:33;145;86;60;правая;сидя;;;;из тетради
20.06.2026;07:38;145;85;59;правая;сидя;;;;из тетради
20.06.2026;16:34;111;55;36;левая;сидя;;;;из тетради
20.06.2026;16:39;116;55;49;левая;сидя;;;;из тетради
20.06.2026;16:50;107;53;48;левая;сидя;;;;из тетради
20.06.2026;16:55;123;59;39;правая;сидя;;;;из тетради
20.06.2026;16:59;123;62;46;правая;сидя;;;;из тетради
20.06.2026;17:05;128;68;44;правая;сидя;;;;из тетради
20.06.2026;19:39;113;63;73;левая;сидя;;;;из тетради
20.06.2026;19:44;118;62;68;левая;сидя;;;;из тетради
20.06.2026;19:49;110;57;47;левая;сидя;;;;из тетради
20.06.2026;19:55;124;69;53;правая;сидя;;;;из тетради
20.06.2026;19:59;126;67;54;правая;сидя;;;;из тетради
20.06.2026;20:03;128;66;50;правая;сидя;;;;из тетради
21.06.2026;07:17;148;78;71;левая;сидя;;;;из тетради
21.06.2026;07:21;141;77;64;левая;сидя;;;;из тетради
21.06.2026;07:25;132;76;61;левая;сидя;;;;из тетради
21.06.2026;07:31;144;87;65;правая;сидя;;;;из тетради
21.06.2026;07:40;151;88;63;правая;сидя;;;;из тетради
21.06.2026;07:49;151;91;66;правая;сидя;;;;из тетради
21.06.2026;16:47;111;52;62;левая;сидя;;;;из тетради
21.06.2026;16:52;117;60;51;левая;сидя;;;;из тетради
21.06.2026;16:57;108;58;65;левая;сидя;;;;из тетради
21.06.2026;17:04;123;69;54;правая;сидя;;;;из тетради
21.06.2026;17:10;133;64;69;правая;сидя;;;;из тетради
21.06.2026;17:15;118;62;53;правая;сидя;;;;из тетради
21.06.2026;20:18;129;64;66;левая;сидя;;;;из тетради
21.06.2026;20:23;123;62;64;левая;сидя;;;;из тетради
21.06.2026;20:27;116;61;68;левая;сидя;;;;из тетради
21.06.2026;20:33;118;69;76;правая;сидя;;;;из тетради
21.06.2026;20:39;124;70;67;правая;сидя;;;;из тетради
21.06.2026;20:44;130;70;67;правая;сидя;;;;из тетради
22.06.2026;08:32;142;70;61;левая;сидя;;;;из тетради
22.06.2026;08:37;132;72;60;левая;сидя;;;;из тетради
22.06.2026;08:41;137;74;61;левая;сидя;;;;из тетради
22.06.2026;08:47;140;84;63;правая;сидя;;;;из тетради
22.06.2026;08:51;141;81;61;правая;сидя;;;;из тетради
22.06.2026;08:56;135;82;60;правая;сидя;;;;из тетради
22.06.2026;16:57;114;51;64;левая;сидя;;;;из тетради
22.06.2026;17:02;114;62;64;левая;сидя;;;;из тетради
22.06.2026;17:08;106;59;60;левая;сидя;;;;из тетради
22.06.2026;17:15;133;70;49;правая;сидя;;;;из тетради
22.06.2026;17:30;153;65;63;правая;сидя;;;;из тетради
22.06.2026;17:37;124;65;63;правая;сидя;;;;из тетради
22.06.2026;19:07;124;59;46;левая;сидя;;;;из тетради
22.06.2026;19:12;127;60;35;левая;сидя;;;;из тетради
22.06.2026;19:16;129;56;43;левая;сидя;;;;из тетради
22.06.2026;19:20;149;78;47;правая;сидя;;;;из тетради
22.06.2026;19:24;145;73;51;правая;сидя;;;;из тетради
22.06.2026;19:30;143;70;70;правая;сидя;;;;из тетради
23.06.2026;07:10;163;81;66;левая;сидя;;;;из тетради
23.06.2026;07:14;139;80;65;левая;сидя;;;;из тетради
23.06.2026;07:19;157;78;62;левая;сидя;;;;из тетради
23.06.2026;07:25;156;87;66;правая;сидя;;;;из тетради
23.06.2026;07:30;151;93;65;правая;сидя;;;;из тетради
23.06.2026;07:35;156;90;70;правая;сидя;;;;из тетради
23.06.2026;17:23;107;45;49;левая;сидя;;;;из тетради
23.06.2026;17:28;119;61;68;левая;сидя;;;;из тетради
23.06.2026;17:33;133;60;62;левая;сидя;;;;из тетради
23.06.2026;17:36;122;58;50;правая;сидя;;;;из тетради
23.06.2026;17:40;116;56;47;правая;сидя;;;;из тетради
23.06.2026;17:46;121;58;48;правая;сидя;;;;из тетради
23.06.2026;19:36;126;55;69;левая;сидя;;;;из тетради
23.06.2026;19:40;125;60;55;левая;сидя;;;;из тетради
23.06.2026;19:46;120;60;53;левая;сидя;;;;из тетради
23.06.2026;19:51;125;65;49;правая;сидя;;;;из тетради
23.06.2026;19:56;118;62;44;правая;сидя;;;;из тетради
23.06.2026;20:02;124;65;66;правая;сидя;;;;из тетради
24.06.2026;17:41;109;48;71;левая;сидя;;;;из тетради
24.06.2026;17:46;110;56;70;левая;сидя;;;;из тетради
24.06.2026;18:03;112;63;71;правая;сидя;;;;из тетради
24.06.2026;18:08;111;60;68;правая;сидя;;;;из тетради
24.06.2026;18:12;109;62;68;правая;сидя;;;;из тетради
25.06.2026;07:42;154;78;75;левая;сидя;;;;из тетради
25.06.2026;07:47;139;73;67;левая;сидя;;;;из тетради
25.06.2026;07:51;130;73;70;левая;сидя;;;;из тетради
25.06.2026;07:55;142;86;69;правая;сидя;;;;из тетради
25.06.2026;07:59;139;80;67;правая;сидя;;;;из тетради
25.06.2026;08:03;134;82;68;правая;сидя;;;;из тетради
25.06.2026;17:07;111;61;77;левая;сидя;;;;из тетради
25.06.2026;17:09;122;61;75;левая;сидя;;;;из тетради
25.06.2026;17:13;108;57;55;левая;сидя;;;;из тетради
25.06.2026;17:18;113;62;72;правая;сидя;;;;из тетради
25.06.2026;17:22;115;64;71;правая;сидя;;;;из тетради
25.06.2026;17:27;112;61;71;правая;сидя;;;;из тетради
25.06.2026;19:31;105;50;56;левая;сидя;;;;из тетради
25.06.2026;19:36;109;53;66;левая;сидя;;;;из тетради
25.06.2026;19:41;105;55;64;левая;сидя;;;;из тетради
25.06.2026;20:00;125;69;71;правая;сидя;;;;из тетради
25.06.2026;20:05;114;64;66;правая;сидя;;;;из тетради
25.06.2026;20:10;116;61;63;правая;сидя;;;;из тетради
26.06.2026;16:34;126;61;45;левая;сидя;;;;из тетради
26.06.2026;16:39;126;61;47;левая;сидя;;;;из тетради
26.06.2026;16:44;117;62;48;левая;сидя;;;;из тетради
26.06.2026;16:49;126;60;38;правая;сидя;;;;из тетради
26.06.2026;16:53;130;68;61;правая;сидя;;;;из тетради
26.06.2026;16:58;128;60;38;правая;сидя;;;;из тетради
26.06.2026;19:07;121;61;78;левая;сидя;;;;из тетради
26.06.2026;19:13;117;54;71;левая;сидя;;;;из тетради
26.06.2026;19:18;117;61;74;левая;сидя;;;;из тетради
26.06.2026;19:23;126;68;74;правая;сидя;;;;из тетради
26.06.2026;19:35;123;60;73;правая;сидя;;;;из тетради
26.06.2026;19:39;108;52;67;правая;сидя;;;;из тетради
29.08.2026;07:49;140;78;71;;сидя;;;;из тетради
29.08.2026;07:58;144;76;74;;сидя;;;;из тетради
29.08.2026;20:11;119;60;73;;сидя;;;;из тетради
29.08.2026;20:17;126;65;72;;сидя;;;;из тетради
30.08.2026;07:28;147;83;70;;сидя;;;;из тетради
30.08.2026;07:38;143;78;66;;сидя;;;;из тетради
30.08.2026;19:35;121;59;77;;сидя;;;;из тетради
30.08.2026;19:40;123;60;75;;сидя;;;;из тетради
31.08.2026;08:53;144;77;66;;сидя;;;;из тетради
31.08.2026;08:58;146;74;66;;сидя;;;;из тетради
31.08.2026;19:37;139;68;82;;сидя;;;;из тетради
31.08.2026;19:48;131;65;82;;сидя;;;;из тетради
01.09.2026;07:39;156;85;76;;сидя;;;;из тетради
01.09.2026;07:45;154;81;68;;сидя;;;;из тетради
01.09.2026;19:24;135;64;75;;сидя;;;;из тетради
01.09.2026;19:30;133;63;74;;сидя;;;;из тетради
02.09.2026;07:31;141;80;65;;сидя;;;;из тетради
02.09.2026;07:37;138;74;62;;сидя;;;;из тетради
02.09.2026;20:25;134;61;73;;сидя;;;;из тетради
02.09.2026;20:30;139;60;72;;сидя;;;;из тетради
03.09.2026;07:34;151;83;65;;сидя;;;;из тетради
03.09.2026;07:39;165;80;64;;сидя;;;;из тетради
03.09.2026;19:59;152;69;82;;сидя;;;;из тетради
03.09.2026;20:07;153;76;81;;сидя;;;;из тетради
04.09.2026;08:00;140;78;69;;сидя;;;;из тетради
04.09.2026;08:06;139;76;65;;сидя;;;;из тетради
04.09.2026;19:39;134;63;73;;сидя;;;;из тетради
04.09.2026;19:47;124;60;74;;сидя;;;;из тетради
05.09.2026;07:59;149;76;63;;сидя;;;;из тетради
05.09.2026;08:06;136;76;64;;сидя;;;;из тетради
05.09.2026;19:48;135;60;73;;сидя;;;;из тетради
05.09.2026;19:54;129;61;72;;сидя;;;;из тетради
06.09.2026;07:57;154;76;63;;сидя;;;;из тетради
06.09.2026;08:03;152;79;64;;сидя;;;;из тетради
06.09.2026;19:33;138;62;66;;сидя;;;;из тетради
06.09.2026;19:37;137;64;67;;сидя;;;;из тетради
07.09.2026;09:23;160;77;55;;сидя;;;;из тетради
07.09.2026;09:29;149;77;60;;сидя;;;;из тетради
07.09.2026;19:32;148;64;67;;сидя;;;;из тетради
07.09.2026;19:39;148;66;70;;сидя;;;;из тетради
08.09.2026;07:36;156;79;56;;сидя;;;;из тетради
08.09.2026;07:43;167;75;55;;сидя;;;;из тетради
08.09.2026;19:51;150;62;61;;сидя;;;;из тетради
08.09.2026;20:01;144;65;61;;сидя;;;;из тетради
09.09.2026;08:23;150;76;57;;сидя;;;;из тетради
09.09.2026;08:29;153;75;57;;сидя;;;;из тетради
09.09.2026;19:32;149;65;65;;сидя;;;;из тетради
09.09.2026;19:41;153;65;66;;сидя;;;;из тетради
10.09.2026;08:24;152;72;54;;сидя;;;;из тетради
10.09.2026;08:29;156;69;54;;сидя;;;;из тетради
10.09.2026;19:44;140;66;69;;сидя;;;;из тетради
10.09.2026;19:50;132;62;64;;сидя;;;;из тетради
11.09.2026;08:12;150;76;61;;сидя;;;;из тетради
11.09.2026;08:17;142;72;60;;сидя;;;;из тетради
11.09.2026;19:20;130;60;71;;сидя;;;;из тетради
11.09.2026;19:27;124;59;65;;сидя;;;;из тетради
12.09.2026;07:44;149;73;59;;сидя;;;;из тетради
12.09.2026;07:50;143;70;56;;сидя;;;;из тетради
12.09.2026;19:45;140;61;75;;сидя;;;;из тетради
12.09.2026;19:51;135;64;72;;сидя;;;;из тетради
13.09.2026;07:56;133;70;60;;сидя;;;;из тетради
13.09.2026;08:03;137;79;59;;сидя;;;;из тетради
13.09.2026;20:03;146;66;72;;сидя;;;;из тетради
13.09.2026;20:09;130;62;68;;сидя;;;;из тетради
14.09.2026;09:20;150;74;55;;сидя;;;;из тетради
14.09.2026;09:27;137;71;56;;сидя;;;;из тетради
14.09.2026;19:30;137;62;70;;сидя;;;;из тетради
14.09.2026;19:38;131;62;68;;сидя;;;;из тетради
15.09.2026;07:33;160;81;62;;сидя;;;;из тетради
15.09.2026;07:40;145;76;58;;сидя;;;;из тетради
15.09.2026;19:55;130;68;70;;сидя;;;;из тетради
15.09.2026;20:03;121;58;63;;сидя;;;;из тетради
16.09.2026;07:22;158;81;60;;сидя;;;;из тетради
16.09.2026;07:31;150;76;53;;сидя;;;;из тетради
16.09.2026;19:47;133;59;70;;сидя;;;;из тетради
16.09.2026;19:54;118;55;65;;сидя;;;;из тетради
17.09.2026;08:26;139;72;60;;сидя;;;;из тетради
17.09.2026;08:32;135;69;59;;сидя;;;;из тетради
17.09.2026;20:07;134;56;66;;сидя;;;;из тетради
17.09.2026;20:13;121;58;64;;сидя;;;;из тетради
18.09.2026;08:04;142;70;61;;сидя;;;;из тетради
18.09.2026;08:10;138;70;62;;сидя;;;;из тетради
18.09.2026;19:41;129;65;64;;сидя;;;;из тетради
18.09.2026;19:47;130;65;65;;сидя;;;;из тетради
19.09.2026;08:36;147;72;56;;сидя;;;;из тетради
19.09.2026;08:42;136;67;53;;сидя;;;;из тетради
19.09.2026;20:26;129;59;68;;сидя;;;;из тетради
19.09.2026;20:32;128;62;67;;сидя;;;;из тетради
20.09.2026;07:42;141;75;55;;сидя;;;;из тетради
20.09.2026;07:48;144;78;54;;сидя;;;;из тетради
20.09.2026;19:41;130;62;72;;сидя;;;;из тетради
20.09.2026;19:50;129;63;70;;сидя;;;;из тетради
21.09.2026;07:44;134;72;57;;сидя;;;;из тетради
21.09.2026;07:50;152;84;57;;сидя;;;;из тетради
21.09.2026;19:47;153;67;66;;сидя;;;;из тетради
21.09.2026;19:55;130;63;64;;сидя;;;;из тетради
22.09.2026;08:05;138;71;60;;сидя;;;;из тетради
22.09.2026;08:11;120;68;56;;сидя;;;;из тетради
22.09.2026;19:39;131;64;70;;сидя;;;;из тетради
22.09.2026;19:46;119;61;68;;сидя;;;;из тетради
23.09.2026;08:18;146;75;62;;сидя;;;;из тетради
23.09.2026;08:23;144;71;58;;сидя;;;;из тетради
23.09.2026;19:47;131;66;71;;сидя;;;;из тетради
23.09.2026;19:54;132;67;72;;сидя;;;;из тетради
28.09.2026;09:34;126;64;64;;сидя;;;;из тетради
28.09.2026;09:39;120;64;63;;сидя;;;;из тетради
28.09.2026;19:57;143;61;74;;сидя;;;;из тетради
28.09.2026;20:04;149;65;75;;сидя;;;;из тетради
29.09.2026;08:32;144;72;66;;сидя;;;;из тетради
29.09.2026;08:37;133;71;61;;сидя;;;;из тетради
29.09.2026;19:33;121;60;68;;сидя;;;;из тетради
29.09.2026;19:40;124;60;64;;сидя;;;;из тетради
30.09.2026;08:26;128;70;60;;сидя;;;;из тетради
30.09.2026;08:32;127;69;58;;сидя;;;;из тетради
30.09.2026;19:43;131;65;68;;сидя;;;;из тетради
30.09.2026;19:49;129;62;66;;сидя;;;;из тетради
02.10.2026;08:20;145;75;63;;сидя;;;;из тетради
02.10.2026;08:25;147;74;60;;сидя;;;;из тетради
02.10.2026;19:01;126;62;70;;сидя;;;;из тетради
02.10.2026;19:08;123;59;66;;сидя;;;;из тетради
# Папа
