Дата;Расход;Доход;Примечание;Категория
01.02.2026;300;;конфеты;Продукты
01.02.2026;;1500;;Зарплата
02.02.2026;500;;фрукты;Продукты
02.02.2026;;1500;;Зарплата
03.02.2026;200;;хлеб;Продукты
03.02.2026;;1500;;Зарплата
04.02.2026;1500;;мясо;Продукты
04.02.2026;;1500;;Зарплата
05.02.2026;200;;молоко;Продукты
05.02.2026;;1500;;Зарплата
06.02.2026;1500;;креветки;Продукты
06.02.2026;;1500;;Зарплата
07.02.2026;;1500;;Зарплата
08.02.2026;;1500;;Зарплата
09.02.2026;;1500;;Зарплата
11.02.2026;;1500;;Зарплата
12.02.2026;;1500;;Зарплата
13.02.2026;;1500;;Зарплата
14.02.2026;;1500;;Зарплата
15.02.2026;;1500;;Зарплата
16.02.2026;;1500;;Зарплата
17.02.2026;;1500;;Зарплата
18.02.2026;;1500;;Зарплата
19.02.2026;;1500;;Зарплата
20.02.2026;;1500;;Зарплата
21.02.2026;;2000;;Зарплата
22.02.2026;;1500;;Зарплата
23.02.2026;;1500;;Зарплата
24.02.2026;;1500;;Зарплата
25.02.2026;;1500;;Зарплата
27.02.2026;;1500;;Зарплата
28.02.2026;;1500;;Зарплата
01.03.2026;2200;;люля;Продукты
01.03.2026;;1500;;Зарплата
02.03.2026;500;;перевод Беня;Переводы родным
02.03.2026;;1500;;Зарплата
03.03.2026;1100;;лекарство;Здоровье
03.03.2026;;1500;;Зарплата
04.03.2026;400;;;Другое
04.03.2026;;1500;;Зарплата
05.03.2026;500;;;Другое
05.03.2026;;1500;;Зарплата
06.03.2026;;2500;;Зарплата
07.03.2026;;2500;;Зарплата
08.03.2026;;3500;;Зарплата
09.03.2026;;1500;;Зарплата
10.03.2026;;2000;;Зарплата
11.03.2026;;2000;;Зарплата
12.03.2026;;1500;;Зарплата
13.03.2026;;1500;;Зарплата
14.03.2026;;2000;;Зарплата
15.03.2026;;2000;;Зарплата
16.03.2026;;1500;;Зарплата
17.03.2026;;1500;;Зарплата
18.03.2026;;1500;;Зарплата
19.03.2026;;1500;;Зарплата
20.03.2026;;2000;;Зарплата
21.03.2026;;2500;;Зарплата
22.03.2026;;1500;;Зарплата
23.03.2026;;2000;;Зарплата
24.03.2026;;2000;;Зарплата
25.03.2026;;2500;;Зарплата
26.03.2026;;1500;;Зарплата
27.03.2026;;1500;;Зарплата
28.03.2026;;2000;;Зарплата
29.03.2026;;1500;;Зарплата
30.03.2026;;2000;;Зарплата
31.03.2026;;1500;;Зарплата
01.04.2026;500;;перевод Беня;Переводы родным
01.04.2026;;1500;;Зарплата
02.04.2026;1500;;мясо;Продукты
02.04.2026;;1500;;Зарплата
03.04.2026;500;;Цветы;Подарки
03.04.2026;;1500;;Зарплата
04.04.2026;2000;;сыр;Продукты
04.04.2026;;2000;;Зарплата
05.04.2026;500;;мясо;Продукты
05.04.2026;;2000;;Зарплата
06.04.2026;3000;;перевод Папа;Переводы родным
06.04.2026;;2000;;Зарплата
07.04.2026;1200;;шкаф;Другое
07.04.2026;;2000;;Зарплата
08.04.2026;500;;перевод Беня;Переводы родным
08.04.2026;;1500;;Зарплата
09.04.2026;;2000;;Зарплата
10.04.2026;;2000;;Зарплата
11.04.2026;;2500;;Зарплата
13.04.2026;;1500;;Зарплата
14.04.2026;;2000;;Зарплата
15.04.2026;;1500;;Зарплата
16.04.2026;;1500;;Зарплата
17.04.2026;;1500;;Зарплата
18.04.2026;;2000;;Зарплата
19.04.2026;;1500;;Зарплата
20.04.2026;;1500;;Зарплата
21.04.2026;;1500;;Зарплата
22.04.2026;;1500;;Зарплата
23.04.2026;;1500;;Зарплата
24.04.2026;;1500;;Зарплата
25.04.2026;;3000;;Зарплата
26.04.2026;;2500;;Зарплата
27.04.2026;;1500;;Зарплата
28.04.2026;;3000;;Зарплата
29.04.2026;;4000;;Зарплата
30.04.2026;;4000;;Зарплата
01.05.2026;1000;;перевод Беня;Переводы родным
01.05.2026;;3000;;Зарплата
02.05.2026;1000;;мясо;Продукты
02.05.2026;;2000;;Зарплата
03.05.2026;1500;;мясо;Продукты
03.05.2026;;1500;;Зарплата
04.05.2026;;1500;;Зарплата
05.05.2026;400;;;Другое
05.05.2026;;1500;;Зарплата
06.05.2026;3000;;одежда;Одежда
06.05.2026;;1500;;Зарплата
07.05.2026;9500;;билеты;Другое
07.05.2026;;1500;;Зарплата
08.05.2026;1500;;сыр;Продукты
08.05.2026;;2500;;Зарплата
09.05.2026;1500;;холодец;Продукты
09.05.2026;;2500;;Зарплата
10.05.2026;;1500;;Зарплата
11.05.2026;;1500;;Зарплата
12.05.2026;;1500;;Зарплата
13.05.2026;;1500;;Зарплата
14.05.2026;;1500;;Зарплата
15.05.2026;;2000;;Зарплата
16.05.2026;;1500;;Зарплата
17.05.2026;;1500;;Зарплата
18.05.2026;;1500;;Зарплата
19.05.2026;;1500;;Зарплата
21.05.2026;;1500;;Зарплата
22.05.2026;;1500;;Зарплата
23.05.2026;;1500;;Зарплата
24.05.2026;;1500;;Зарплата
25.05.2026;;1500;;Зарплата
27.05.2026;;1500;;Зарплата
28.05.2026;;1500;;Зарплата
29.05.2026;;1500;;Зарплата
30.05.2026;;4800;;Зарплата
31.05.2026;;1500;;Зарплата
01.06.2026;1300;;мясо;Продукты
01.06.2026;;1500;;Зарплата
02.06.2026;5000;;;Другое
02.06.2026;;2000;;Зарплата
03.06.2026;2000;;похороны;Другое
03.06.2026;;1500;;Зарплата
04.06.2026;900;;сало;Продукты
04.06.2026;;1500;;Зарплата
05.06.2026;10000;;;Другое
05.06.2026;;2000;;Зарплата
06.06.2026;1500;;сыр;Продукты
06.06.2026;;1500;;Зарплата
07.06.2026;1500;;сыр;Продукты
07.06.2026;;1500;;Зарплата
08.06.2026;500;;мясо;Продукты
08.06.2026;;1500;;Зарплата
09.06.2026;5000;;;Другое
09.06.2026;;1500;;Зарплата
10.06.2026;;1500;;Зарплата
11.06.2026;;2000;;Зарплата
12.06.2026;;2500;;Зарплата
13.06.2026;;1500;;Зарплата
14.06.2026;;1500;;Зарплата
15.06.2026;;1500;;Зарплата
16.06.2026;;1500;;Зарплата
17.06.2026;;1500;;Зарплата
18.06.2026;;1500;;Зарплата
19.06.2026;;1500;;Зарплата
20.06.2026;;2000;;Зарплата
21.06.2026;;1500;;Зарплата
22.06.2026;;2000;;Зарплата
23.06.2026;;2000;;Зарплата
24.06.2026;;1500;;Зарплата
25.06.2026;;1500;;Зарплата
26.06.2026;;1500;;Зарплата
27.06.2026;;2000;;Зарплата
28.06.2026;;1500;;Зарплата
29.06.2026;;1500;;Зарплата
30.06.2026;;1500;;Зарплата
01.07.2026;1800;;мясо;Продукты
01.07.2026;;1500;;Зарплата
02.07.2026;1500;;;Другое
02.07.2026;;1500;;Зарплата
03.07.2026;5500;;одежда;Одежда
03.07.2026;;2000;;Зарплата
04.07.2026;600;;фарш;Продукты
04.07.2026;;2500;;Зарплата
05.07.2026;600;;фарш;Продукты
06.07.2026;3000;;;Другое
07.07.2026;1500;;бензин;Транспорт
08.07.2026;400;;маска;Красота
09.07.2026;300;;;Другое
10.07.2026;3000;;;Другое
10.07.2026;;10000;;Зарплата
15.07.2026;;300;;Зарплата
16.07.2026;;5570;;Зарплата
18.07.2026;;2000;;Зарплата
19.07.2026;;2000;;Зарплата
20.07.2026;;1500;;Зарплата
21.07.2026;;1500;;Зарплата
23.07.2026;;2000;;Зарплата
24.07.2026;;2000;;Зарплата
25.07.2026;;2000;;Зарплата
26.07.2026;;2000;;Зарплата
31.07.2026;;1500;;Зарплата
01.08.2026;1000;;;Другое
02.08.2026;700;;;Другое
03.08.2026;500;;фарш;Продукты
04.08.2026;300;;;Другое
05.08.2026;200;;рыба;Продукты
06.08.2026;1000;;цветы;Подарки
07.08.2026;1200;;фарш;Продукты
08.08.2026;200;;капуста;Продукты
09.08.2026;100;;хлеб;Продукты
10.08.2026;1300;;курица;Продукты
13.08.2026;;1500;;Зарплата
14.08.2026;;2000;;Зарплата
15.08.2026;;2000;;Зарплата
18.08.2026;;2500;;Зарплата
20.08.2026;;1500;;Зарплата
21.08.2026;;2000;;Зарплата
22.08.2026;;2000;;Зарплата
23.08.2026;;2000;;Зарплата
24.08.2026;;1500;;Зарплата
25.08.2026;;2000;;Зарплата
26.08.2026;;2000;;Зарплата
27.08.2026;;1000;;Зарплата
28.08.2026;;1500;;Зарплата
29.08.2026;;2000;;Зарплата
30.08.2026;;2000;;Зарплата
31.08.2026;;2000;;Зарплата
01.09.2026;1300;;фарш;Продукты
01.09.2026;;1500;;Зарплата
02.09.2026;500;;фарш;Продукты
02.09.2026;;1500;;Зарплата
03.09.2026;1200;;сыр;Продукты
03.09.2026;;2000;;Зарплата
04.09.2026;200;;;Другое
04.09.2026;;2000;;Зарплата
05.09.2026;2500;;перевод Беня;Переводы родным
05.09.2026;;2000;;Зарплата
06.09.2026;2000;;мясо;Продукты
06.09.2026;;2000;;Зарплата
07.09.2026;1000;;люля;Продукты
07.09.2026;;1500;;Зарплата
08.09.2026;3500;;;Другое
09.09.2026;500;;;Другое
09.09.2026;;2000;;Зарплата
10.09.2026;1500;;творог;Продукты
10.09.2026;;1500;;Зарплата
11.09.2026;500;;фарш;Продукты
11.09.2026;;2000;;Зарплата
12.09.2026;;2000;;Зарплата
13.09.2026;;2000;;Зарплата
14.09.2026;;2000;;Зарплата
15.09.2026;;1500;;Зарплата
17.09.2026;;2000;;Зарплата
18.09.2026;;2000;;Зарплата
19.09.2026;;1500;;Зарплата
20.09.2026;;2000;;Зарплата
21.09.2026;;1500;;Зарплата
22.09.2026;;1500;;Зарплата
24.09.2026;;2000;;Зарплата
25.09.2026;;1500;;Зарплата
26.09.2026;;2000;;Зарплата
27.09.2026;;1500;;Зарплата
28.09.2026;;1500;;Зарплата
01.10.2026;1100;;фарш;Продукты
01.10.2026;;1500;;Зарплата
02.10.2026;;1500;;Зарплата
03.10.2026;;2000;;Зарплата
